{"Coordinates":[[-4.6631736755,3.3429794312,1.2130149603],[null,null,null],[-3.850673914,4.0343856812,0.8848900199],[-4.7920799255,3.2882919312,1.3809837103],[null,null,null],[-4.6553611755,3.2804794312,1.2012962103],[-4.7452049255,3.2648544312,1.1192649603],[-3.936611414,3.4757919312,1.5450462103],[-5.0850486755,3.3546981812,1.1700462103],[-3.928798914,3.5695419312,1.5177024603],[-4.8194236755,3.2531356812,1.0645774603],[-3.932705164,3.4679794312,1.5684837103],[null,null,null]],"logT":[null,null,null,null,null,null,null,null,null,null,null,null,null],"logZ":[-0.2902314961,null,-0.0105058607,0.5260897875,null,0.0150924744,0.5395464897,0.5627562404,0.0341000706,0.3515441418,0.1530373245,-0.3336817622,null],"logDen":[null,null,null,null,null,null,null,null,null,null,null,null,null],"is_in_main_gal":[1.0,0.0,1.0,1.0,0.0,1.0,1.0,1.0,1.0,1.0,1.0,1.0,0.0],"is_in_other_gal":[0.0,0.0,0.0,0.0,0.0,0.0,0.0,0.0,0.0,0.0,0.0,0.0,0.0],"PType":[4.0,0.0,4.0,4.0,0.0,4.0,4.0,4.0,4.0,4.0,4.0,4.0,0.0],"Velocities":[[170.0059661865,182.5947570801,-25.886390686],[null,null,null],[190.5655059814,163.7862701416,-43.5633201599],[155.0218963623,177.2460174561,-8.9879150391],[null,null,null],[170.6314086914,176.2716827393,-26.812789917],[157.6045074463,175.0374755859,-31.2996635437],[197.9348907471,154.6739196777,-27.1501998901],[121.1017456055,186.9295654297,-24.1225376129],[191.3333435059,146.1790771484,-17.3906955719],[149.0911865234,175.1404876709,-34.8512496948],[190.6249389648,140.6202087402,-12.4997167587],[null,null,null]],"filterKeys":["logT","logZ","logDen","is_in_main_gal","is_in_other_gal","PType"],"colormapKeys":["logT","logZ","logDen"],"doSPHrad":[0]}