{"Coordinates":[[5.3238315582,1.1312865019,-1.4628062248],[0.923653245,5.1104540825,-0.1250515431],[-4.6631736755,3.3429794312,1.2130149603],[null,null,null],[null,null,null],[null,null,null],[5.7925815582,1.1039427519,-1.4549937248],[1.802559495,5.1534228325,-0.546926558],[-3.850673914,4.0343856812,0.8848900199],[4.7652378082,0.9984740615,-1.4549937248],[0.490059495,5.1104540825,0.2226047069],[-4.7920799255,3.2882919312,1.3809837103],[null,null,null],[null,null,null],[null,null,null],[5.1793003082,0.4047240317,-1.4237437248],[0.993965745,4.8252978325,-0.1836452931],[-4.6553611755,3.2804794312,1.2012962103],[4.8199253082,0.2445677966,-1.2323374748],[0.693184495,4.8292040825,-0.2148952931],[-4.7452049255,3.2648544312,1.1192649603],[5.1949253082,-0.8140259385,-1.9471812248],[1.904121995,4.2081103325,-0.3477077782],[-3.936611414,3.4757919312,1.5450462103],[4.3043003082,2.1703491211,-1.1307749748],[-0.470878005,5.6534228325,0.0702609569],[-5.0850486755,3.3546981812,1.1700462103],[4.7300815582,-1.1421509981,-1.8378062248],[1.759590745,4.1456103325,-0.1758327931],[-3.928798914,3.5695419312,1.5177024603],[4.6519565582,0.2875365317,-1.0878062248],[0.478340745,4.8760790825,-0.2422390431],[-4.8194236755,3.2531356812,1.0645774603],[4.4800815582,-1.6577759981,-1.8378062248],[1.779121995,3.8917038441,-0.1445827931],[-3.932705164,3.4679794312,1.5684837103],[null,null,null],[null,null,null],[null,null,null]],"logT":[null,null,null,null,null,null,null,null,null,null,null,null,null,null,null,null,null,null,null,null,null,null,null,null,null,null,null,null,null,null,null,null,null,null,null,null,null,null,null],"logZ":[-0.2902314961,-0.2902314961,-0.2902314961,null,null,null,-0.0105058607,-0.0105058607,-0.0105058607,0.5260897875,0.5260897875,0.5260897875,null,null,null,0.0150924744,0.0150924744,0.0150924744,0.5395464897,0.5395464897,0.5395464897,0.5627562404,0.5627562404,0.5627562404,0.0341000706,0.0341000706,0.0341000706,0.3515441418,0.3515441418,0.3515441418,0.1530373245,0.1530373245,0.1530373245,-0.3336817622,-0.3336817622,-0.3336817622,null,null,null],"logDen":[null,null,null,null,null,null,null,null,null,null,null,null,null,null,null,null,null,null,null,null,null,null,null,null,null,null,null,null,null,null,null,null,null,null,null,null,null,null,null],"is_in_main_gal":[1.0,1.0,1.0,0.0,0.0,0.0,1.0,1.0,1.0,1.0,1.0,1.0,0.0,0.0,0.0,1.0,1.0,1.0,1.0,1.0,1.0,1.0,1.0,1.0,1.0,1.0,1.0,1.0,1.0,1.0,1.0,1.0,1.0,1.0,1.0,1.0,0.0,0.0,0.0],"is_in_other_gal":[0.0,0.0,0.0,0.0,0.0,0.0,0.0,0.0,0.0,0.0,0.0,0.0,0.0,0.0,0.0,0.0,0.0,0.0,0.0,0.0,0.0,0.0,0.0,0.0,0.0,0.0,0.0,0.0,0.0,0.0,0.0,0.0,0.0,0.0,0.0,0.0,0.0,0.0,0.0],"PType":[4.0,4.0,4.0,0.0,0.0,0.0,4.0,4.0,4.0,4.0,4.0,4.0,0.0,0.0,0.0,4.0,4.0,4.0,4.0,4.0,4.0,4.0,4.0,4.0,4.0,4.0,4.0,4.0,4.0,4.0,4.0,4.0,4.0,4.0,4.0,4.0,0.0,0.0,0.0],"particle_ind":[0.0,0.0,0.0,1.0,1.0,1.0,2.0,2.0,2.0,3.0,3.0,3.0,4.0,4.0,4.0,5.0,5.0,5.0,6.0,6.0,6.0,7.0,7.0,7.0,8.0,8.0,8.0,9.0,9.0,9.0,10.0,10.0,10.0,11.0,11.0,11.0,12.0,12.0,12.0],"time":[0.046046257,0.0230350494,0.0,0.046046257,0.0230350494,0.0,0.046046257,0.0230350494,0.0,0.046046257,0.0230350494,0.0,0.046046257,0.0230350494,0.0,0.046046257,0.0230350494,0.0,0.046046257,0.0230350494,0.0,0.046046257,0.0230350494,0.0,0.046046257,0.0230350494,0.0,0.046046257,0.0230350494,0.0,0.046046257,0.0230350494,0.0,0.046046257,0.0230350494,0.0,0.046046257,0.0230350494,0.0],"Velocities":[[85.0175323486,-236.6962890625,-22.6911659241],[258.3764648438,-59.9035224915,-72.7682495117],[170.0059661865,182.5947570801,-25.886390686],[null,null,null],[null,null,null],[null,null,null],[72.7485809326,-225.2420806885,-7.2130689621],[241.7887115479,-82.6170349121,-60.1727561951],[190.5655059814,163.7862701416,-43.5633201599],[70.7690963745,-254.7503356934,-35.3869895935],[252.1484069824,-53.4883995056,-78.9892807007],[155.0218963623,177.2460174561,-8.9879150391],[null,null,null],[null,null,null],[null,null,null],[62.6267127991,-250.2306518555,-13.9334688187],[260.9773254395,-75.5288772583,-74.2001495361],[170.6314086914,176.2716827393,-26.812789917],[50.5465126038,-263.0690612793,-3.359408617],[258.4369506836,-73.6280899048,-66.43334198],[157.6045074463,175.0374755859,-31.2996635437],[25.1076412201,-247.8790435791,-7.2323145866],[241.1243743896,-120.0919265747,-107.8565750122],[197.9348907471,154.6739196777,-27.1501998901],[115.1747131348,-252.3713684082,-24.9250526428],[239.5875091553,-20.3104667664,-57.8554153442],[121.1017456055,186.9295654297,-24.1225376129],[0.3142385185,-257.3793640137,-6.3864588737],[236.7177581787,-125.6342163086,-107.0108413696],[191.3333435059,146.1790771484,-17.3906955719],[48.7557296753,-269.0844421387,1.8485816717],[257.7994689941,-69.9163665771,-60.6800956726],[149.0911865234,175.1404876709,-34.8512496948],[-16.5846385956,-257.4218139648,-0.423507005],[235.7685699463,-138.0667877197,-113.5279006958],[190.6249389648,140.6202087402,-12.4997167587],[null,null,null],[null,null,null],[null,null,null]],"filterKeys":["logT","logZ","logDen","is_in_main_gal","is_in_other_gal","PType","particle_ind","time"],"colormapKeys":["logT","logZ","logDen","particle_ind","time"],"doSPHrad":[0]}