{"center":[0,0,0],"camera":[-2.9055040574964637,21.51954376067851,-10.889909071007398],"startFly":false,"friction":0.1,"stereo":false,"stereoSep":0.06,"decimate":1,"maxVrange":2000,"UI":true,"UIfullscreen":true,"UIsnapshot":true,"UIreset":true,"UIsavePreset":true,"UIloadNewData":true,"UIcameraControls":true,"UIdecimation":true,"showParts":{"All":true,"EjectedSoon":false,"Clusters":true,"ruler":false,"disk":true},"sizeMult":{"All":"1","EjectedSoon":1,"Clusters":"7","ruler":1,"disk":1},"color":{"All":[1,1,1,1],"EjectedSoon":[0.8980392157,0.5254901961,0.0235294118,1],"Clusters":[0.3647058824,0.4117647059,0.6941176471,1],"ruler":[0.4425511215,0.5494285917,0.5847364426,1],"disk":[1,1,1,1]},"plotNmax":{"All":174570,"EjectedSoon":13995,"Clusters":39,"ruler":303,"disk":307},"showVel":{"All":false,"EjectedSoon":false,"Clusters":false,"ruler":false,"disk":false},"velType":{"All":"line","EjectedSoon":"line","Clusters":"line"},"filterLims":{"All":{"logT":[-0.001,7.6146140823],"logZ":[-4.001,0.9277905354],"logDen":[-5.0662303696,3.8292563686],"is_in_main_gal":[-0.001,1.001],"is_in_other_gal":[-0.001,1.001],"PType":[-0.001,4.001],"particle_ind":[-0.001,99999.001],"time":[-0.001,0.047046257]},"EjectedSoon":{"logT":[-0.001,7.6146140823],"logZ":[-3.8497086296,0.832238687],"logDen":[-3.29396422,3.6885064373],"is_in_main_gal":[-0.001,1.001],"is_in_other_gal":[-0.001,1.001],"PType":[-0.001,4.001],"particle_ind":[-0.001,11618.001],"time":[-0.001,0.047046257]},"Clusters":{"logT":[-0.001,0.001],"logZ":[-1.0461947451,0.8140999804],"logDen":[-0.001,0.001],"is_in_main_gal":[-0.001,1.001],"is_in_other_gal":[-0.001,0.001],"PType":[-0.001,4.001],"particle_ind":[-0.001,679.001],"time":[-0.001,0.047046257]},"ruler":{},"disk":{}},"filterVals":{"All":{"logT":[-0.001,7.615],"logZ":[-4.001,0.928],"logDen":[-5.066,3.829],"is_in_main_gal":[-0.001,1.001],"is_in_other_gal":[-0.001,1.001],"PType":[-0.001,2.377],"particle_ind":[-0.001,99999.001],"time":[-0.001,0.047]},"EjectedSoon":{"logT":[-0.001,7.615],"logZ":[-3.85,0.832],"logDen":[-3.294,3.689],"is_in_main_gal":[-0.001,1.001],"is_in_other_gal":[-0.001,1.001],"PType":[-0.001,4.001],"particle_ind":[-0.001,11618.001],"time":[-0.001,0.047]},"Clusters":{"logT":[-0.001,0.001],"logZ":[-1.046,0.814],"logDen":[-0.001,0.001],"is_in_main_gal":[-0.001,1.001],"is_in_other_gal":[-0.001,0.001],"PType":[-0.001,4.001],"particle_ind":[-0.001,679.001],"time":[-0.001,0.047]},"ruler":{},"disk":{}},"colormapLims":{"All":{"logT":[-0.001,7.6146140823],"logZ":[-4.001,0.9277905354],"logDen":[-5.0662303696,3.8292563686],"particle_ind":[-0.001,99999.001],"time":[-0.001,0.047046257]},"EjectedSoon":{"logT":[-0.001,7.6146140823],"logZ":[-3.8497086296,0.832238687],"logDen":[-3.29396422,3.6885064373],"particle_ind":[-0.001,11618.001],"time":[-0.001,0.047046257]},"Clusters":{"logT":[-0.001,0.001],"logZ":[-1.0461947451,0.8140999804],"logDen":[-0.001,0.001],"particle_ind":[-0.001,679.001],"time":[-0.001,0.047046257]},"ruler":{"null":[0,1]},"disk":{"null":[0,1]}},"colormapVals":{"All":{"logT":[-0.001,7.615],"logZ":[-4.001,0.928],"logDen":[-5.066,3.829],"particle_ind":[-0.001,99999.001],"time":[-0.001,0.047]},"EjectedSoon":{"logT":[-0.001,7.615],"logZ":[-3.85,0.832],"logDen":[-3.294,3.689],"particle_ind":[-0.001,11618.001],"time":[-0.001,0.047]},"Clusters":{"logT":[-0.001,0.001],"logZ":[-1.046,0.814],"logDen":[-0.001,0.001],"particle_ind":[-0.001,679.001],"time":[-0.001,0.047]},"ruler":{"null":[0,1]},"disk":{"null":[0,1]}},"UIparticle":{"All":true,"EjectedSoon":true,"Clusters":true,"ruler":true,"disk":true},"UIdropdown":{"All":true,"EjectedSoon":true,"Clusters":true,"ruler":true,"disk":true},"UIcolorPicker":{"All":true,"EjectedSoon":true,"Clusters":true,"ruler":true,"disk":true},"showColormap":{"All":false,"EjectedSoon":false,"Clusters":false,"ruler":false,"disk":false},"colormap":{"All":0.015625,"EjectedSoon":0.015625,"Clusters":0.015625,"ruler":0.015625,"disk":0.015625},"colormapVariable":{"All":0,"EjectedSoon":0,"Clusters":0,"ruler":0,"disk":0},"loaded":true}